{
    "a_star": {
        "walled_distance_sum_adl": {
            "cost_mean": 134.0,
            "cost_std": 0.0,
            "nodes_expanded_mean": 601969.0,
            "nodes_expanded_std": 3.0,
            "time_mean": 16.622638702392578,
            "time_std": 1.2044122219085693
        },
                "walled_distance_sum": {
            "cost_mean": 134.0,
            "cost_std": 0.0,
            "nodes_expanded_mean": 3338322.5,
            "nodes_expanded_std": 7.5,
            "time_mean": 80.86014723777771,
            "time_std": 0.24765348434448242
        },
                "nearest_box_adl": {
            "cost_mean": 134.0,
            "cost_std": 0.0,
            "nodes_expanded_mean": 230653.0,
            "nodes_expanded_std": 40.0,
            "time_mean": 5.679559946060181,
            "time_std": 0.05110478401184082
        },
                "nearest_box": {
            "cost_mean": 134.0,
            "cost_std": 0.0,
            "nodes_expanded_mean": 1074668.0,
            "nodes_expanded_std": 10.0,
            "time_mean": 23.285560369491577,
            "time_std": 0.355180025100708
        },
                "manhattan_distance_sum_adl": {
            "cost_mean": 134.0,
            "cost_std": 0.0,
            "nodes_expanded_mean": 579384.0,
            "nodes_expanded_std": 9.0,
            "time_mean": 17.78957188129425,
            "time_std": 2.5803622007369995
        },
                "manhattan_distance_sum": {
            "cost_mean": 134.0,
            "cost_std": 0.0,
            "nodes_expanded_mean": 3572629.5,
            "nodes_expanded_std": 20.5,
            "time_mean": 89.07126891613007,
            "time_std": 0.2326141595840454
        }
    }
}